<keymap version="1" name="Default copy" parent="Default for XWin">
  <action id="$LRU">
    <keyboard-shortcut first-keystroke="ctrl o" />
  </action>
  <action id="ActivateProjectToolWindow">
    <keyboard-shortcut first-keystroke="alt 1" />
    <keyboard-shortcut first-keystroke="ctrl 1" />
  </action>
  <action id="ActivateTerminalToolWindow">
    <keyboard-shortcut first-keystroke="alt f12" />
    <keyboard-shortcut first-keystroke="ctrl 8" />
  </action>
  <action id="ActivateVersionControlToolWindow">
    <keyboard-shortcut first-keystroke="alt 9" />
    <keyboard-shortcut first-keystroke="ctrl 9" />
  </action>
  <action id="ChangesView.Diff" />
  <action id="ChangesView.GroupBy.Directory" />
  <action id="ChangesView.ShelveSilently" />
  <action id="CheckinProject" />
  <action id="CloseActiveTab">
    <keyboard-shortcut first-keystroke="shift ctrl f4" />
    <keyboard-shortcut first-keystroke="ctrl w" />
  </action>
  <action id="CloseContent">
    <keyboard-shortcut first-keystroke="ctrl f4" />
    <keyboard-shortcut first-keystroke="ctrl w" />
  </action>
  <action id="CompareTwoFiles" />
  <action id="Console.Execute.Multiline" />
  <action id="Diff.ShowDiff" />
  <action id="DirDiffMenu.SynchronizeDiff.All" />
  <action id="DuplicatesForm.SendToLeft" />
  <action id="Editor LRU">
    <keyboard-shortcut first-keystroke="ctrl o" />
  </action>
  <action id="EditorDuplicate" />
  <action id="EditorSelectWord" />
  <action id="EditorSplitLine" />
  <action id="FileChooser.GotoDesktop" />
  <action id="FileChooser.GotoHome" />
  <action id="FileChooser.TogglePathShowing" />
  <action id="FindPrevious">
    <keyboard-shortcut first-keystroke="shift f3" />
  </action>
  <action id="GotoBookmark1" />
  <action id="GotoBookmark8" />
  <action id="GotoBookmark9" />
  <action id="GotoFile">
    <keyboard-shortcut first-keystroke="ctrl p" />
  </action>
  <action id="InsertLiveTemplate" />
  <action id="MethodHierarchy" />
  <action id="MoveTabRight">
    <keyboard-shortcut first-keystroke="ctrl t" />
  </action>
  <action id="NextSplitter">
    <keyboard-shortcut first-keystroke="shift ctrl l" />
  </action>
  <action id="NextTab">
    <keyboard-shortcut first-keystroke="alt right" />
    <keyboard-shortcut first-keystroke="ctrl k" />
  </action>
  <action id="OverrideMethods" />
  <action id="ParameterInfo" />
  <action id="PrevSplitter">
    <keyboard-shortcut first-keystroke="shift ctrl h" />
  </action>
  <action id="PreviousTab">
    <keyboard-shortcut first-keystroke="alt left" />
    <keyboard-shortcut first-keystroke="ctrl j" />
  </action>
  <action id="RunDashboard.CopyConfiguration" />
  <action id="SelectNextOccurrence">
    <keyboard-shortcut first-keystroke="alt j" />
    <keyboard-shortcut first-keystroke="ctrl d" />
  </action>
  <action id="SendEOF" />
  <action id="ShowIntentionActions">
    <keyboard-shortcut first-keystroke="alt enter" />
    <keyboard-shortcut first-keystroke="ctrl enter" />
  </action>
  <action id="ShowSettings">
    <keyboard-shortcut first-keystroke="ctrl comma" />
  </action>
  <action id="TodoViewGroupByShowPackages" />
  <action id="Vcs.UpdateProject" />
  <action id="ViewSource" />
  <action id="XDebugger.CopyWatch" />
  <action id="com.intellij.lang.jsgraphql.v1.ide.actions.JSGraphQLExecuteEditorAction" />
  <action id="openAssertEqualsDiff" />
</keymap>